INSERT INTO `diseases`(`id`, `name_disease`, `created_at`, `updated_at`) VALUES (1, 'Depresyon', NULL, NULL);
INSERT INTO `diseases`(`id`, `name_disease`, `created_at`, `updated_at`) VALUES (2, 'Anksiyete', NULL, NULL);
INSERT INTO `diseases`(`id`, `name_disease`, `created_at`, `updated_at`) VALUES (3, 'DEHB', NULL, NULL);
INSERT INTO `diseases`(`id`, `name_disease`, `created_at`, `updated_at`) VALUES (4, 'OKB', NULL, NULL);
INSERT INTO `diseases`(`id`, `name_disease`, `created_at`, `updated_at`) VALUES (5, 'Yeme Bozuklukları', NULL, NULL);
INSERT INTO `diseases`(`id`, `name_disease`, `created_at`, `updated_at`) VALUES (6, 'Uyku Bozuklukları', NULL, NULL);
INSERT INTO `diseases`(`id`, `name_disease`, `created_at`, `updated_at`) VALUES (7, 'TSSB', NULL, NULL);
INSERT INTO `diseases`(`id`, `name_disease`, `created_at`, `updated_at`) VALUES (8, 'Madde Kullanım Bozkulukları', NULL, NULL);
INSERT INTO `diseases`(`id`, `name_disease`, `created_at`, `updated_at`) VALUES (9, 'Panik Bozukluk', NULL, NULL);
INSERT INTO `diseases`(`id`, `name_disease`, `created_at`, `updated_at`) VALUES (10, 'Kendine Zarar Verme ve İntihar Eğilim', NULL, NULL);
INSERT INTO `symptoms`(`id`, `name_symptom`, `created_at`, `updated_at`) VALUES (1, 'Hep bir şeyler kötüye gidecekmiş gibi hissediyorum, bunu bir türlü durduramıyorum.', NULL, NULL);
INSERT INTO `symptoms`(`id`, `name_symptom`, `created_at`, `updated_at`) VALUES (2, 'Sınav sırasında ellerim terliyor ve kalbim çok hızlı atıyor, doğru düzgün odaklanamıyorum.', NULL, NULL);
INSERT INTO `symptoms`(`id`, `name_symptom`, `created_at`, `updated_at`) VALUES (3, 'Hiçbir şey yapmak istemiyorum, yataktan kalkmak bile zor geliyor.', NULL, NULL);
INSERT INTO `symptoms`(`id`, `name_symptom`, `created_at`, `updated_at`) VALUES (4, 'Eskiden sevdiğim şeyler artık bana hiçbir heyecan vermiyor.', NULL, NULL);
INSERT INTO `symptoms`(`id`, `name_symptom`, `created_at`, `updated_at`) VALUES (5, 'Ders çalışmaya başlıyorum ama 10 dakikada bir başka şeylerle ilgileniyorum', NULL, NULL);
INSERT INTO `symptoms`(`id`, `name_symptom`, `created_at`, `updated_at`) VALUES (6, 'Çok çabuk sıkılıyorum ve başladığım işleri bitiremiyorum.', NULL, NULL);
INSERT INTO `symptoms`(`id`, `name_symptom`, `created_at`, `updated_at`) VALUES (7, 'Kapıyı kilitleyip kilitlemediğimi sürekli kontrol etmem gerekiyor, yoksa rahat edemem', NULL, NULL);
INSERT INTO `symptoms`(`id`, `name_symptom`, `created_at`, `updated_at`) VALUES (8, 'Defteri düzelteyim derken saatlerce uğraşıyorum, yoksa içim rahat etmiyor.', NULL, NULL);
INSERT INTO `symptoms`(`id`, `name_symptom`, `created_at`, `updated_at`) VALUES (9, 'Ne yediğime sürekli dikkat ediyorum, kilo alacağım diye çok korkuyorum', NULL, NULL);
INSERT INTO `symptoms`(`id`, `name_symptom`, `created_at`, `updated_at`) VALUES (10, 'Kendimi kötü hissedince aşırı yemek yiyorum ve sonra suçluluk duyuyorum', NULL, NULL);
INSERT INTO `symptoms`(`id`, `name_symptom`, `created_at`, `updated_at`) VALUES (11, 'Gece yatağa yattığımda bir türlü uyuyamıyorum, kafamın içinde sürekli düşünceler dönüyor', NULL, NULL);
INSERT INTO `symptoms`(`id`, `name_symptom`, `created_at`, `updated_at`) VALUES (12, 'Son zamanlarda sürekli yorgun hissediyorum, ne kadar uyusam da yetmiyor', NULL, NULL);
INSERT INTO `symptoms`(`id`, `name_symptom`, `created_at`, `updated_at`) VALUES (13, 'O olay aklıma geldiğinde kalbim hızlı hızlı atıyor ve nefes alamıyorum', NULL, NULL);
INSERT INTO `symptoms`(`id`, `name_symptom`, `created_at`, `updated_at`) VALUES (14, 'Sürekli tetikte hissediyorum, sanki bir şey olacakmış gibi.', NULL, NULL);
INSERT INTO `symptoms`(`id`, `name_symptom`, `created_at`, `updated_at`) VALUES (15, 'Son zamanlarda alkol olmadan kendimi rahat hissedemiyorum', NULL, NULL);
INSERT INTO `symptoms`(`id`, `name_symptom`, `created_at`, `updated_at`) VALUES (16, 'Arkadaşlarım olmadan ders çalışamıyorum, çünkü hep bir şeylere ihtiyaç duyuyorum.', NULL, NULL);
INSERT INTO `symptoms`(`id`, `name_symptom`, `created_at`, `updated_at`) VALUES (17, 'Aniden nefesim daralıyor, öleceğimi sanıyorum.', NULL, NULL);
INSERT INTO `symptoms`(`id`, `name_symptom`, `created_at`, `updated_at`) VALUES (18, 'Kalbim hızla çarpmaya başlayınca ne yapacağımı bilemiyorum, çok korkuyorum', NULL, NULL);
INSERT INTO `symptoms`(`id`, `name_symptom`, `created_at`, `updated_at`) VALUES (19, 'Bazen yaşamanın bir anlamı olmadığını düşünüyorum', NULL, NULL);
INSERT INTO `symptoms`(`id`, `name_symptom`, `created_at`, `updated_at`) VALUES (20, 'Kendimi cezalandırmak istediğimde bileklerime zarar veriyorum.', NULL, NULL);
INSERT INTO `symptoms`(`id`, `name_symptom`, `created_at`, `updated_at`) VALUES (21, 'Diğer', NULL, NULL);
INSERT INTO `symptom__matchings`(`id`, `disease_id`, `symptom_id`, `created_at`, `updated_at`) VALUES (1, 1, 1, NULL, NULL);
INSERT INTO `symptom__matchings`(`id`, `disease_id`, `symptom_id`, `created_at`, `updated_at`) VALUES (2, 1, 2, NULL, NULL);
INSERT INTO `symptom__matchings`(`id`, `disease_id`, `symptom_id`, `created_at`, `updated_at`) VALUES (3, 2, 3, NULL, NULL);
INSERT INTO `symptom__matchings`(`id`, `disease_id`, `symptom_id`, `created_at`, `updated_at`) VALUES (4, 2, 4, NULL, NULL);
INSERT INTO `symptom__matchings`(`id`, `disease_id`, `symptom_id`, `created_at`, `updated_at`) VALUES (5, 3, 5, NULL, NULL);
INSERT INTO `symptom__matchings`(`id`, `disease_id`, `symptom_id`, `created_at`, `updated_at`) VALUES (6, 3, 6, NULL, NULL);
INSERT INTO `symptom__matchings`(`id`, `disease_id`, `symptom_id`, `created_at`, `updated_at`) VALUES (7, 4, 7, NULL, NULL);
INSERT INTO `symptom__matchings`(`id`, `disease_id`, `symptom_id`, `created_at`, `updated_at`) VALUES (8, 4, 8, NULL, NULL);
INSERT INTO `symptom__matchings`(`id`, `disease_id`, `symptom_id`, `created_at`, `updated_at`) VALUES (9, 5, 9, NULL, NULL);
INSERT INTO `symptom__matchings`(`id`, `disease_id`, `symptom_id`, `created_at`, `updated_at`) VALUES (10, 5, 10, NULL, NULL);
INSERT INTO `symptom__matchings`(`id`, `disease_id`, `symptom_id`, `created_at`, `updated_at`) VALUES (11, 6, 11, NULL, NULL);
INSERT INTO `symptom__matchings`(`id`, `disease_id`, `symptom_id`, `created_at`, `updated_at`) VALUES (12, 6, 12, NULL, NULL);
INSERT INTO `symptom__matchings`(`id`, `disease_id`, `symptom_id`, `created_at`, `updated_at`) VALUES (13, 7, 13, NULL, NULL);
INSERT INTO `symptom__matchings`(`id`, `disease_id`, `symptom_id`, `created_at`, `updated_at`) VALUES (14, 7, 14, NULL, NULL);
INSERT INTO `symptom__matchings`(`id`, `disease_id`, `symptom_id`, `created_at`, `updated_at`) VALUES (15, 8, 15, NULL, NULL);
INSERT INTO `symptom__matchings`(`id`, `disease_id`, `symptom_id`, `created_at`, `updated_at`) VALUES (16, 8, 16, NULL, NULL);
INSERT INTO `symptom__matchings`(`id`, `disease_id`, `symptom_id`, `created_at`, `updated_at`) VALUES (17, 9, 17, NULL, NULL);
INSERT INTO `symptom__matchings`(`id`, `disease_id`, `symptom_id`, `created_at`, `updated_at`) VALUES (18, 9, 18, NULL, NULL);
INSERT INTO `symptom__matchings`(`id`, `disease_id`, `symptom_id`, `created_at`, `updated_at`) VALUES (19, 10, 19, NULL, NULL);
INSERT INTO `symptom__matchings`(`id`, `disease_id`, `symptom_id`, `created_at`, `updated_at`) VALUES (20, 10, 20, NULL, NULL);
INSERT INTO `therapist_features`(`id`, `feature`, `created_at`, `updated_at`) VALUES (1, 'Kendini Fark Ettiren Sorular Sorma', NULL, NULL);
INSERT INTO `therapist_features`(`id`, `feature`, `created_at`, `updated_at`) VALUES (2, 'Duygusal Farkındalık Kazandırma', NULL, NULL);
INSERT INTO `therapist_features`(`id`, `feature`, `created_at`, `updated_at`) VALUES (3, 'Güvenli Bir Alan Sunma', NULL, NULL);
INSERT INTO `therapist_features`(`id`, `feature`, `created_at`, `updated_at`) VALUES (4, 'Beden ve Zihin Bağlantısını Ele Alma', NULL, NULL);
INSERT INTO `therapist_features`(`id`, `feature`, `created_at`, `updated_at`) VALUES (5, 'Duygu Düzenleme Teknikleri Öğretme', NULL, NULL);
INSERT INTO `therapist_features`(`id`, `feature`, `created_at`, `updated_at`) VALUES (6, 'Farklı Perspektifler Sunma', NULL, NULL);
INSERT INTO `therapist_features`(`id`, `feature`, `created_at`, `updated_at`) VALUES (7, 'Güçlü Yönleri ve Kaynakları Keşfetme', NULL, NULL);
INSERT INTO `therapist_features`(`id`, `feature`, `created_at`, `updated_at`) VALUES (8, 'Rutin Oluşturmada Destek Verme', NULL, NULL);
INSERT INTO `therapist_features`(`id`, `feature`, `created_at`, `updated_at`) VALUES (9, 'Problem Çözme Becerileri Geliştirme', NULL, NULL);
INSERT INTO `therapist_features`(`id`, `feature`, `created_at`, `updated_at`) VALUES (10, 'Sosyal İlişki Dinamiklerini Analiz Etme', NULL, NULL);
